{
  "vuser-30 로그인" : {
    "transaction" : "vuser-30 로그인",
    "sampleCount" : 60158,
    "errorCount" : 0,
    "errorPct" : 0.0,
    "meanResTime" : 59.918464709597686,
    "medianResTime" : 52.0,
    "minResTime" : 11.0,
    "maxResTime" : 2201.0,
    "pct1ResTime" : 87.0,
    "pct2ResTime" : 106.0,
    "pct3ResTime" : 215.0,
    "throughput" : 33.42135248754574,
    "receivedKBytesPerSec" : 24.980362705397315,
    "sentKBytesPerSec" : 5.3200004447948785
  },
  "vuser-30 리뷰어 목록 조회" : {
    "transaction" : "vuser-30 리뷰어 목록 조회",
    "sampleCount" : 60157,
    "errorCount" : 0,
    "errorPct" : 0.0,
    "meanResTime" : 419.45647223099104,
    "medianResTime" : 409.0,
    "minResTime" : 53.0,
    "maxResTime" : 7254.0,
    "pct1ResTime" : 553.9000000000015,
    "pct2ResTime" : 596.0,
    "pct3ResTime" : 717.0,
    "throughput" : 33.419441574169745,
    "receivedKBytesPerSec" : 164.8126757319895,
    "sentKBytesPerSec" : 4.56906427771852
  },
  "vuser-30 리뷰 수정" : {
    "transaction" : "vuser-30 리뷰 수정",
    "sampleCount" : 60130,
    "errorCount" : 0,
    "errorPct" : 0.0,
    "meanResTime" : 87.33234658240578,
    "medianResTime" : 79.0,
    "minResTime" : 11.0,
    "maxResTime" : 2195.0,
    "pct1ResTime" : 125.0,
    "pct2ResTime" : 148.0,
    "pct3ResTime" : 293.9100000000144,
    "throughput" : 33.42066912481533,
    "receivedKBytesPerSec" : 6.196086513220424,
    "sentKBytesPerSec" : 15.8291255132182
  },
  "vuser-30 내가 받은 리뷰 목록 조회" : {
    "transaction" : "vuser-30 내가 받은 리뷰 목록 조회",
    "sampleCount" : 60136,
    "errorCount" : 0,
    "errorPct" : 0.0,
    "meanResTime" : 82.28665025941255,
    "medianResTime" : 73.0,
    "minResTime" : 14.0,
    "maxResTime" : 3660.0,
    "pct1ResTime" : 116.0,
    "pct2ResTime" : 138.0,
    "pct3ResTime" : 279.9700000000048,
    "throughput" : 33.42043750673844,
    "receivedKBytesPerSec" : 20.855136295708853,
    "sentKBytesPerSec" : 9.49740948677821
  },
  "vuser-30 내가 리뷰한 리뷰 목록 조회" : {
    "transaction" : "vuser-30 내가 리뷰한 리뷰 목록 조회",
    "sampleCount" : 60134,
    "errorCount" : 0,
    "errorPct" : 0.0,
    "meanResTime" : 51.24585093291607,
    "medianResTime" : 44.0,
    "minResTime" : 7.0,
    "maxResTime" : 3718.0,
    "pct1ResTime" : 75.0,
    "pct2ResTime" : 89.0,
    "pct3ResTime" : 199.0,
    "throughput" : 33.42283662250047,
    "receivedKBytesPerSec" : 20.85663340017363,
    "sentKBytesPerSec" : 4.406331000036683
  },
  "vuser-30 리뷰 상세 조회" : {
    "transaction" : "vuser-30 리뷰 상세 조회",
    "sampleCount" : 60134,
    "errorCount" : 0,
    "errorPct" : 0.0,
    "meanResTime" : 52.154554827551806,
    "medianResTime" : 46.0,
    "minResTime" : 7.0,
    "maxResTime" : 2145.0,
    "pct1ResTime" : 75.0,
    "pct2ResTime" : 90.0,
    "pct3ResTime" : 198.0,
    "throughput" : 33.42227933342189,
    "receivedKBytesPerSec" : 28.983382859451794,
    "sentKBytesPerSec" : 4.145145972016191
  },
  "Total" : {
    "transaction" : "Total",
    "sampleCount" : 481150,
    "errorCount" : 0,
    "errorPct" : 0.0,
    "meanResTime" : 111.9941535903567,
    "medianResTime" : 64.0,
    "minResTime" : 4.0,
    "maxResTime" : 7254.0,
    "pct1ResTime" : 349.0,
    "pct2ResTime" : 455.0,
    "pct3ResTime" : 591.0,
    "throughput" : 267.28283651445184,
    "receivedKBytesPerSec" : 312.86736514983033,
    "sentKBytesPerSec" : 52.070138925344125
  },
  "vuser-30 언어 및 기술 목록 조회" : {
    "transaction" : "vuser-30 언어 및 기술 목록 조회",
    "sampleCount" : 60158,
    "errorCount" : 0,
    "errorPct" : 0.0,
    "meanResTime" : 42.61110741713524,
    "medianResTime" : 38.0,
    "minResTime" : 4.0,
    "maxResTime" : 1758.0,
    "pct1ResTime" : 67.0,
    "pct2ResTime" : 80.0,
    "pct3ResTime" : 179.0,
    "throughput" : 33.4217609786857,
    "receivedKBytesPerSec" : 21.34553875005903,
    "sentKBytesPerSec" : 4.1450816838799645
  },
  "vuser-30 리뷰어 단일 조회" : {
    "transaction" : "vuser-30 리뷰어 단일 조회",
    "sampleCount" : 60143,
    "errorCount" : 0,
    "errorPct" : 0.0,
    "meanResTime" : 100.87967011954704,
    "medianResTime" : 91.0,
    "minResTime" : 11.0,
    "maxResTime" : 5442.0,
    "pct1ResTime" : 149.0,
    "pct2ResTime" : 174.0,
    "pct3ResTime" : 281.0,
    "throughput" : 33.41962880168212,
    "receivedKBytesPerSec" : 24.896329333450858,
    "sentKBytesPerSec" : 4.177453600210265
  }
}