{
  "vuser-10 리뷰 수정" : {
    "transaction" : "vuser-10 리뷰 수정",
    "sampleCount" : 49654,
    "errorCount" : 0,
    "errorPct" : 0.0,
    "meanResTime" : 36.17356104241362,
    "medianResTime" : 30.0,
    "minResTime" : 10.0,
    "maxResTime" : 1221.0,
    "pct1ResTime" : 53.0,
    "pct2ResTime" : 59.0,
    "pct3ResTime" : 163.0,
    "throughput" : 27.59335834410953,
    "receivedKBytesPerSec" : 5.115631157123042,
    "sentKBytesPerSec" : 13.069119918840938
  },
  "vuser-30 로그인" : {
    "transaction" : "vuser-30 로그인",
    "sampleCount" : 56074,
    "errorCount" : 0,
    "errorPct" : 0.0,
    "meanResTime" : 57.905589043050746,
    "medianResTime" : 51.0,
    "minResTime" : 10.0,
    "maxResTime" : 1447.0,
    "pct1ResTime" : 84.0,
    "pct2ResTime" : 101.0,
    "pct3ResTime" : 198.0,
    "throughput" : 31.152101075162484,
    "receivedKBytesPerSec" : 23.28385150898024,
    "sentKBytesPerSec" : 4.958781714112778
  },
  "vuser-30 리뷰어 목록 조회" : {
    "transaction" : "vuser-30 리뷰어 목록 조회",
    "sampleCount" : 56072,
    "errorCount" : 0,
    "errorPct" : 0.0,
    "meanResTime" : 460.37712227136655,
    "medianResTime" : 453.0,
    "minResTime" : 68.0,
    "maxResTime" : 4096.0,
    "pct1ResTime" : 596.0,
    "pct2ResTime" : 642.0,
    "pct3ResTime" : 762.0,
    "throughput" : 31.149086420493777,
    "receivedKBytesPerSec" : 153.61610002294296,
    "sentKBytesPerSec" : 4.258664159051884
  },
  "vuser-30 리뷰 수정" : {
    "transaction" : "vuser-30 리뷰 수정",
    "sampleCount" : 56046,
    "errorCount" : 0,
    "errorPct" : 0.0,
    "meanResTime" : 86.68101202583581,
    "medianResTime" : 80.0,
    "minResTime" : 12.0,
    "maxResTime" : 2346.0,
    "pct1ResTime" : 125.0,
    "pct2ResTime" : 148.0,
    "pct3ResTime" : 230.0,
    "throughput" : 31.14874545796092,
    "receivedKBytesPerSec" : 5.774934703846269,
    "sentKBytesPerSec" : 14.753067917100632
  },
  "vuser-30 언어 및 기술 목록 조회" : {
    "transaction" : "vuser-30 언어 및 기술 목록 조회",
    "sampleCount" : 56073,
    "errorCount" : 0,
    "errorPct" : 0.0,
    "meanResTime" : 73.58008310595153,
    "medianResTime" : 66.0,
    "minResTime" : 10.0,
    "maxResTime" : 1988.0,
    "pct1ResTime" : 111.0,
    "pct2ResTime" : 134.0,
    "pct3ResTime" : 221.0,
    "throughput" : 31.152168562715733,
    "receivedKBytesPerSec" : 19.89601390626571,
    "sentKBytesPerSec" : 3.8635990307274395
  },
  "vuser-50 리뷰 수정" : {
    "transaction" : "vuser-50 리뷰 수정",
    "sampleCount" : 56324,
    "errorCount" : 0,
    "errorPct" : 0.0,
    "meanResTime" : 142.63395710531884,
    "medianResTime" : 132.0,
    "minResTime" : 14.0,
    "maxResTime" : 2618.0,
    "pct1ResTime" : 210.0,
    "pct2ResTime" : 242.0,
    "pct3ResTime" : 360.9900000000016,
    "throughput" : 31.31087175017122,
    "receivedKBytesPerSec" : 5.805072065620302,
    "sentKBytesPerSec" : 14.829856248860391
  },
  "vuser-30 내가 리뷰한 리뷰 목록 조회" : {
    "transaction" : "vuser-30 내가 리뷰한 리뷰 목록 조회",
    "sampleCount" : 56051,
    "errorCount" : 0,
    "errorPct" : 0.0,
    "meanResTime" : 49.85980624788125,
    "medianResTime" : 44.0,
    "minResTime" : 7.0,
    "maxResTime" : 2178.0,
    "pct1ResTime" : 74.0,
    "pct2ResTime" : 87.0,
    "pct3ResTime" : 200.0,
    "throughput" : 31.150381689571006,
    "receivedKBytesPerSec" : 19.43856826136316,
    "sentKBytesPerSec" : 4.106739773527427
  },
  "vuser-30 리뷰 상세 조회" : {
    "transaction" : "vuser-30 리뷰 상세 조회",
    "sampleCount" : 56050,
    "errorCount" : 0,
    "errorPct" : 0.0,
    "meanResTime" : 50.51853702051769,
    "medianResTime" : 45.0,
    "minResTime" : 7.0,
    "maxResTime" : 2148.0,
    "pct1ResTime" : 74.0,
    "pct2ResTime" : 89.0,
    "pct3ResTime" : 191.9900000000016,
    "throughput" : 31.150743477378892,
    "receivedKBytesPerSec" : 27.013535359289506,
    "sentKBytesPerSec" : 3.8634222867452337
  },
  "vuser-50 언어 및 기술 목록 조회" : {
    "transaction" : "vuser-50 언어 및 기술 목록 조회",
    "sampleCount" : 56366,
    "errorCount" : 0,
    "errorPct" : 0.0,
    "meanResTime" : 122.03031969626932,
    "medianResTime" : 109.0,
    "minResTime" : 9.0,
    "maxResTime" : 4647.0,
    "pct1ResTime" : 195.0,
    "pct2ResTime" : 229.0,
    "pct3ResTime" : 344.9900000000016,
    "throughput" : 31.313104939399818,
    "receivedKBytesPerSec" : 19.99879944371824,
    "sentKBytesPerSec" : 3.8835589133825943
  },
  "vuser-50 리뷰어 목록 조회" : {
    "transaction" : "vuser-50 리뷰어 목록 조회",
    "sampleCount" : 56357,
    "errorCount" : 0,
    "errorPct" : 0.0,
    "meanResTime" : 781.8624128324791,
    "medianResTime" : 775.0,
    "minResTime" : 79.0,
    "maxResTime" : 8060.0,
    "pct1ResTime" : 1032.0,
    "pct2ResTime" : 1112.0,
    "pct3ResTime" : 1302.0,
    "throughput" : 31.305705151884634,
    "receivedKBytesPerSec" : 154.3884873213061,
    "sentKBytesPerSec" : 4.280076876234228
  },
  "vuser-10 로그인" : {
    "transaction" : "vuser-10 로그인",
    "sampleCount" : 49664,
    "errorCount" : 0,
    "errorPct" : 0.0,
    "meanResTime" : 32.37121456185578,
    "medianResTime" : 30.0,
    "minResTime" : 10.0,
    "maxResTime" : 1930.0,
    "pct1ResTime" : 47.0,
    "pct2ResTime" : 52.0,
    "pct3ResTime" : 136.0,
    "throughput" : 27.592506065584427,
    "receivedKBytesPerSec" : 20.62404233439718,
    "sentKBytesPerSec" : 4.392166492861583
  },
  "vuser-50 리뷰 상세 조회" : {
    "transaction" : "vuser-50 리뷰 상세 조회",
    "sampleCount" : 56325,
    "errorCount" : 0,
    "errorPct" : 0.0,
    "meanResTime" : 77.7486728806037,
    "medianResTime" : 67.0,
    "minResTime" : 7.0,
    "maxResTime" : 2438.0,
    "pct1ResTime" : 127.0,
    "pct2ResTime" : 160.0,
    "pct3ResTime" : 258.0,
    "throughput" : 31.310261483069667,
    "receivedKBytesPerSec" : 27.151867379849477,
    "sentKBytesPerSec" : 3.883206258154148
  },
  "vuser-30 리뷰어 단일 조회" : {
    "transaction" : "vuser-30 리뷰어 단일 조회",
    "sampleCount" : 56055,
    "errorCount" : 0,
    "errorPct" : 0.0,
    "meanResTime" : 97.08209793952398,
    "medianResTime" : 88.0,
    "minResTime" : 13.0,
    "maxResTime" : 1491.0,
    "pct1ResTime" : 146.0,
    "pct2ResTime" : 172.0,
    "pct3ResTime" : 277.0,
    "throughput" : 31.146702050164777,
    "receivedKBytesPerSec" : 23.203063770483173,
    "sentKBytesPerSec" : 3.893337756270597
  },
  "vuser-50 내가 받은 리뷰 목록 조회" : {
    "transaction" : "vuser-50 내가 받은 리뷰 목록 조회",
    "sampleCount" : 56328,
    "errorCount" : 0,
    "errorPct" : 0.0,
    "meanResTime" : 137.60211617668088,
    "medianResTime" : 125.0,
    "minResTime" : 13.0,
    "maxResTime" : 4412.0,
    "pct1ResTime" : 208.0,
    "pct2ResTime" : 248.0,
    "pct3ResTime" : 357.0,
    "throughput" : 31.302550195335296,
    "receivedKBytesPerSec" : 19.533524975409424,
    "sentKBytesPerSec" : 8.895548932463447
  },
  "vuser-10 언어 및 기술 목록 조회" : {
    "transaction" : "vuser-10 언어 및 기술 목록 조회",
    "sampleCount" : 49664,
    "errorCount" : 0,
    "errorPct" : 0.0,
    "meanResTime" : 30.66730428479368,
    "medianResTime" : 25.0,
    "minResTime" : 8.0,
    "maxResTime" : 978.0,
    "pct1ResTime" : 48.0,
    "pct2ResTime" : 53.0,
    "pct3ResTime" : 148.9900000000016,
    "throughput" : 27.59291998030982,
    "receivedKBytesPerSec" : 17.622821940549436,
    "sentKBytesPerSec" : 3.422168786620456
  },
  "vuser-10 리뷰어 목록 조회" : {
    "transaction" : "vuser-10 리뷰어 목록 조회",
    "sampleCount" : 49663,
    "errorCount" : 0,
    "errorPct" : 0.0,
    "meanResTime" : 129.12949278134698,
    "medianResTime" : 127.0,
    "minResTime" : 39.0,
    "maxResTime" : 1259.0,
    "pct1ResTime" : 173.0,
    "pct2ResTime" : 189.0,
    "pct3ResTime" : 260.9900000000016,
    "throughput" : 27.59231839811988,
    "receivedKBytesPerSec" : 136.07539835010292,
    "sentKBytesPerSec" : 3.772387280992952
  },
  "vuser-10 내가 받은 리뷰 목록 조회" : {
    "transaction" : "vuser-10 내가 받은 리뷰 목록 조회",
    "sampleCount" : 49656,
    "errorCount" : 0,
    "errorPct" : 0.0,
    "meanResTime" : 40.03528274528793,
    "medianResTime" : 36.0,
    "minResTime" : 10.0,
    "maxResTime" : 1080.0,
    "pct1ResTime" : 57.0,
    "pct2ResTime" : 63.0,