{
  "vuser-10 리뷰 수정" : {
    "transaction" : "vuser-10 리뷰 수정",
    "sampleCount" : 37405,
    "errorCount" : 0,
    "errorPct" : 0.0,
    "meanResTime" : 57.98834380430439,
    "medianResTime" : 56.0,
    "minResTime" : 11.0,
    "maxResTime" : 865.0,
    "pct1ResTime" : 148.0,
    "pct2ResTime" : 173.95000000000073,
    "pct3ResTime" : 247.9900000000016,
    "throughput" : 20.83285760194622,
    "receivedKBytesPerSec" : 3.8858162128630154,
    "sentKBytesPerSec" : 9.867124938421794
  },
  "vuser-10 리뷰 상세 조회" : {
    "transaction" : "vuser-10 리뷰 상세 조회",
    "sampleCount" : 37408,
    "errorCount" : 0,
    "errorPct" : 0.0,
    "meanResTime" : 40.03787959794692,
    "medianResTime" : 41.0,
    "minResTime" : 7.0,
    "maxResTime" : 1151.0,
    "pct1ResTime" : 97.0,
    "pct2ResTime" : 118.0,
    "pct3ResTime" : 186.0,
    "throughput" : 20.83328692328084,
    "receivedKBytesPerSec" : 18.066366003782605,
    "sentKBytesPerSec" : 2.5838158586490887
  },
  "vuser-10 언어 및 기술 목록 조회" : {
    "transaction" : "vuser-10 언어 및 기술 목록 조회",
    "sampleCount" : 37412,
    "errorCount" : 0,
    "errorPct" : 0.0,
    "meanResTime" : 42.86127445739332,
    "medianResTime" : 42.0,
    "minResTime" : 8.0,
    "maxResTime" : 1221.0,
    "pct1ResTime" : 87.0,
    "pct2ResTime" : 107.0,
    "pct3ResTime" : 183.0,
    "throughput" : 20.814046644116075,
    "receivedKBytesPerSec" : 13.293346196535072,
    "sentKBytesPerSec" : 2.581429613088615
  },
  "vuser-10 리뷰어 목록 조회" : {
    "transaction" : "vuser-10 리뷰어 목록 조회",
    "sampleCount" : 37410,
    "errorCount" : 0,
    "errorPct" : 0.0,
    "meanResTime" : 119.79529537556739,
    "medianResTime" : 109.0,
    "minResTime" : 28.0,
    "maxResTime" : 1576.0,
    "pct1ResTime" : 313.0,
    "pct2ResTime" : 349.0,
    "pct3ResTime" : 423.0,
    "throughput" : 20.819767927205945,
    "receivedKBytesPerSec" : 94.49540058818211,
    "sentKBytesPerSec" : 3.375079566324401
  },
  "vuser-10 내가 리뷰한 리뷰 목록 조회" : {
    "transaction" : "vuser-10 내가 리뷰한 리뷰 목록 조회",
    "sampleCount" : 37408,
    "errorCount" : 0,
    "errorPct" : 0.0,
    "meanResTime" : 42.67146065012848,
    "medianResTime" : 41.0,
    "minResTime" : 7.0,
    "maxResTime" : 1755.0,
    "pct1ResTime" : 99.0,
    "pct2ResTime" : 120.0,
    "pct3ResTime" : 187.0,
    "throughput" : 20.833240513435122,
    "receivedKBytesPerSec" : 13.00043035945805,
    "sentKBytesPerSec" : 2.746569794251701
  },
  "vuser-10 내가 받은 리뷰 목록 조회" : {
    "transaction" : "vuser-10 내가 받은 리뷰 목록 조회",
    "sampleCount" : 37409,
    "errorCount" : 0,
    "errorPct" : 0.0,
    "meanResTime" : 61.20810500146986,
    "medianResTime" : 59.0,
    "minResTime" : 10.0,
    "maxResTime" : 1612.0,
    "pct1ResTime" : 157.0,
    "pct2ResTime" : 181.0,
    "pct3ResTime" : 240.0,
    "throughput" : 20.8297952545106,
    "receivedKBytesPerSec" : 12.998280437140892,
    "sentKBytesPerSec" : 5.919404706115805
  },
  "Total" : {
    "transaction" : "Total",
    "sampleCount" : 299275,
    "errorCount" : 0,
    "errorPct" : 0.0,
    "meanResTime" : 59.61906273494268,
    "medianResTime" : 50.0,
    "minResTime" : 7.0,
    "maxResTime" : 2568.0,
    "pct1ResTime" : 160.0,
    "pct2ResTime" : 222.0,
    "pct3ResTime" : 338.0,
    "throughput" : 166.2635194144013,
    "receivedKBytesPerSec" : 185.89295658770064,
    "sentKBytesPerSec" : 32.8175583654953
  },
  "vuser-10 로그인" : {
    "transaction" : "vuser-10 로그인",
    "sampleCount" : 37413,
    "errorCount" : 0,
    "errorPct" : 0.0,
    "meanResTime" : 54.280089808355456,
    "medianResTime" : 51.0,
    "minResTime" : 10.0,
    "maxResTime" : 2568.0,
    "pct1ResTime" : 135.0,
    "pct2ResTime" : 159.0,
    "pct3ResTime" : 223.9900000000016,
    "throughput" : 20.784976905581214,
    "receivedKBytesPerSec" : 14.946886061619654,
    "sentKBytesPerSec" : 3.2070569834783518
  },
  "vuser-10 리뷰어 단일 조회" : {
    "transaction" : "vuser-10 리뷰어 단일 조회",
    "sampleCount" : 37410,
    "errorCount" : 0,
    "errorPct" : 0.0,
    "meanResTime" : 58.109248863940145,
    "medianResTime" : 54.0,
    "minResTime" : 11.0,
    "maxResTime" : 1422.0,
    "pct1ResTime" : 155.0,
    "pct2ResTime" : 180.0,
    "pct3ResTime" : 263.0,
    "throughput" : 20.828334106299668,
    "receivedKBytesPerSec" : 15.539889899622017,
    "sentKBytesPerSec" : 2.603541763287458
  }
}