{
  "vuser-30 로그인" : {
    "transaction" : "vuser-30 로그인",
    "sampleCount" : 56074,
    "errorCount" : 0,
    "errorPct" : 0.0,
    "meanResTime" : 57.90558904305073,
    "medianResTime" : 51.0,
    "minResTime" : 10.0,
    "maxResTime" : 1447.0,
    "pct1ResTime" : 84.0,
    "pct2ResTime" : 101.0,
    "pct3ResTime" : 198.0,
    "throughput" : 31.152101075162484,
    "receivedKBytesPerSec" : 23.28385150898024,
    "sentKBytesPerSec" : 4.958781714112778
  },
  "vuser-30 리뷰어 목록 조회" : {
    "transaction" : "vuser-30 리뷰어 목록 조회",
    "sampleCount" : 56072,
    "errorCount" : 0,
    "errorPct" : 0.0,
    "meanResTime" : 460.37712227136655,
    "medianResTime" : 453.0,
    "minResTime" : 68.0,
    "maxResTime" : 4096.0,
    "pct1ResTime" : 596.0,
    "pct2ResTime" : 642.0,
    "pct3ResTime" : 762.0,
    "throughput" : 31.149086420493777,
    "receivedKBytesPerSec" : 153.61610002294296,
    "sentKBytesPerSec" : 4.258664159051884
  },
  "vuser-30 리뷰 수정" : {
    "transaction" : "vuser-30 리뷰 수정",
    "sampleCount" : 56046,
    "errorCount" : 0,
    "errorPct" : 0.0,
    "meanResTime" : 86.68101202583578,
    "medianResTime" : 80.0,
    "minResTime" : 12.0,
    "maxResTime" : 2346.0,
    "pct1ResTime" : 125.0,
    "pct2ResTime" : 148.0,
    "pct3ResTime" : 230.0,
    "throughput" : 31.14874545796092,
    "receivedKBytesPerSec" : 5.774934703846269,
    "sentKBytesPerSec" : 14.753067917100632
  },
  "vuser-30 내가 받은 리뷰 목록 조회" : {
    "transaction" : "vuser-30 내가 받은 리뷰 목록 조회",
    "sampleCount" : 56053,
    "errorCount" : 0,
    "errorPct" : 0.0,
    "meanResTime" : 80.76955738319127,
    "medianResTime" : 73.0,
    "minResTime" : 12.0,
    "maxResTime" : 2067.0,
    "pct1ResTime" : 114.0,
    "pct2ResTime" : 135.0,
    "pct3ResTime" : 279.0,
    "throughput" : 31.148377259178417,
    "receivedKBytesPerSec" : 19.437317449819343,
    "sentKBytesPerSec" : 8.851736115645428
  },
  "vuser-30 내가 리뷰한 리뷰 목록 조회" : {
    "transaction" : "vuser-30 내가 리뷰한 리뷰 목록 조회",
    "sampleCount" : 56051,
    "errorCount" : 0,
    "errorPct" : 0.0,
    "meanResTime" : 49.85980624788128,
    "medianResTime" : 44.0,
    "minResTime" : 7.0,
    "maxResTime" : 2178.0,
    "pct1ResTime" : 74.0,
    "pct2ResTime" : 87.0,
    "pct3ResTime" : 200.0,
    "throughput" : 31.150381689571006,
    "receivedKBytesPerSec" : 19.43856826136316,
    "sentKBytesPerSec" : 4.106739773527427
  },
  "vuser-30 리뷰 상세 조회" : {
    "transaction" : "vuser-30 리뷰 상세 조회",
    "sampleCount" : 56050,
    "errorCount" : 0,
    "errorPct" : 0.0,
    "meanResTime" : 50.5185370205177,
    "medianResTime" : 45.0,
    "minResTime" : 7.0,
    "maxResTime" : 2148.0,
    "pct1ResTime" : 74.0,
    "pct2ResTime" : 89.0,
    "pct3ResTime" : 191.9900000000016,
    "throughput" : 31.150743477378892,
    "receivedKBytesPerSec" : 27.013535359289506,
    "sentKBytesPerSec" : 3.8634222867452337
  },
  "Total" : {
    "transaction" : "Total",
    "sampleCount" : 448474,
    "errorCount" : 0,
    "errorPct" : 0.0,
    "meanResTime" : 119.60740867920792,
    "medianResTime" : 69.0,
    "minResTime" : 7.0,
    "maxResTime" : 4096.0,
    "pct1ResTime" : 374.0,
    "pct2ResTime" : 485.0,
    "pct3ResTime" : 627.9900000000016,
    "throughput" : 249.12205077385073,
    "receivedKBytesPerSec" : 291.609846110478,
    "sentKBytesPerSec" : 48.53221953969602
  },
  "vuser-30 언어 및 기술 목록 조회" : {
    "transaction" : "vuser-30 언어 및 기술 목록 조회",
    "sampleCount" : 56073,
    "errorCount" : 0,
    "errorPct" : 0.0,
    "meanResTime" : 73.58008310595153,
    "medianResTime" : 66.0,
    "minResTime" : 10.0,
    "maxResTime" : 1988.0,
    "pct1ResTime" : 111.0,
    "pct2ResTime" : 134.0,
    "pct3ResTime" : 221.0,
    "throughput" : 31.152168562715733,
    "receivedKBytesPerSec" : 19.89601390626571,
    "sentKBytesPerSec" : 3.8635990307274395
  },
  "vuser-30 리뷰어 단일 조회" : {
    "transaction" : "vuser-30 리뷰어 단일 조회",
    "sampleCount" : 56055,
    "errorCount" : 0,
    "errorPct" : 0.0,
    "meanResTime" : 97.08209793952399,
    "medianResTime" : 88.0,
    "minResTime" : 13.0,
    "maxResTime" : 1491.0,
    "pct1ResTime" : 146.0,
    "pct2ResTime" : 172.0,
    "pct3ResTime" : 277.0,
    "throughput" : 31.146702050164777,
    "receivedKBytesPerSec" : 23.203063770483173,
    "sentKBytesPerSec" : 3.893337756270597
  }
}