{
  "vuser-50 로그인" : {
    "transaction" : "vuser-50 로그인",
    "sampleCount" : 56369,
    "errorCount" : 0,
    "errorPct" : 0.0,
    "meanResTime" : 85.99565363941251,
    "medianResTime" : 78.0,
    "minResTime" : 10.0,
    "maxResTime" : 2090.0,
    "pct1ResTime" : 134.0,
    "pct2ResTime" : 164.0,
    "pct3ResTime" : 284.0,
    "throughput" : 31.315067275535263,
    "receivedKBytesPerSec" : 23.405621722331478,
    "sentKBytesPerSec" : 4.984722622961179
  },
  "vuser-50 언어 및 기술 목록 조회" : {
    "transaction" : "vuser-50 언어 및 기술 목록 조회",
    "sampleCount" : 56366,
    "errorCount" : 0,
    "errorPct" : 0.0,
    "meanResTime" : 122.03031969626933,
    "medianResTime" : 109.0,
    "minResTime" : 9.0,
    "maxResTime" : 4647.0,
    "pct1ResTime" : 195.0,
    "pct2ResTime" : 229.0,
    "pct3ResTime" : 344.9900000000016,
    "throughput" : 31.313104939399818,
    "receivedKBytesPerSec" : 19.99879944371824,
    "sentKBytesPerSec" : 3.8835589133825943
  },
  "Total" : {
    "transaction" : "Total",
    "sampleCount" : 450729,
    "errorCount" : 0,
    "errorPct" : 0.0,
    "meanResTime" : 199.28803338591123,
    "medianResTime" : 113.0,
    "minResTime" : 7.0,
    "maxResTime" : 8060.0,
    "pct1ResTime" : 657.0,
    "pct2ResTime" : 848.0,
    "pct3ResTime" : 1080.9900000000016,
    "throughput" : 250.35910083151424,
    "receivedKBytesPerSec" : 293.0659923718846,
    "sentKBytesPerSec" : 48.772113675860815
  },
  "vuser-50 리뷰어 목록 조회" : {
    "transaction" : "vuser-50 리뷰어 목록 조회",
    "sampleCount" : 56357,
    "errorCount" : 0,
    "errorPct" : 0.0,
    "meanResTime" : 781.8624128324792,
    "medianResTime" : 775.0,
    "minResTime" : 79.0,
    "maxResTime" : 8060.0,
    "pct1ResTime" : 1032.0,
    "pct2ResTime" : 1112.0,
    "pct3ResTime" : 1302.0,
    "throughput" : 31.305705151884634,
    "receivedKBytesPerSec" : 154.3884873213061,
    "sentKBytesPerSec" : 4.280076876234228
  },
  "vuser-50 내가 리뷰한 리뷰 목록 조회" : {
    "transaction" : "vuser-50 내가 리뷰한 리뷰 목록 조회",
    "sampleCount" : 56327,
    "errorCount" : 0,
    "errorPct" : 0.0,
    "meanResTime" : 79.48955207981943,
    "medianResTime" : 69.0,
    "minResTime" : 8.0,
    "maxResTime" : 2151.0,
    "pct1ResTime" : 129.0,
    "pct2ResTime" : 165.0,
    "pct3ResTime" : 277.9900000000016,
    "throughput" : 31.309737218771275,
    "receivedKBytesPerSec" : 19.53800984647934,
    "sentKBytesPerSec" : 4.1277485591153535
  },
  "vuser-50 리뷰 수정" : {
    "transaction" : "vuser-50 리뷰 수정",
    "sampleCount" : 56324,
    "errorCount" : 0,
    "errorPct" : 0.0,
    "meanResTime" : 142.63395710531884,
    "medianResTime" : 132.0,
    "minResTime" : 14.0,
    "maxResTime" : 2618.0,
    "pct1ResTime" : 210.0,
    "pct2ResTime" : 242.0,
    "pct3ResTime" : 360.9900000000016,
    "throughput" : 31.31087175017122,
    "receivedKBytesPerSec" : 5.805072065620302,
    "sentKBytesPerSec" : 14.829856248860391
  },
  "vuser-50 리뷰어 단일 조회" : {
    "transaction" : "vuser-50 리뷰어 단일 조회",
    "sampleCount" : 56333,
    "errorCount" : 0,
    "errorPct" : 0.0,
    "meanResTime" : 166.76649565973736,
    "medianResTime" : 155.0,
    "minResTime" : 12.0,
    "maxResTime" : 4371.0,
    "pct1ResTime" : 255.0,
    "pct2ResTime" : 292.0,
    "pct3ResTime" : 398.0,
    "throughput" : 31.302649886865257,
    "receivedKBytesPerSec" : 23.31925644172755,
    "sentKBytesPerSec" : 3.912831235858157
  },
  "vuser-50 리뷰 상세 조회" : {
    "transaction" : "vuser-50 리뷰 상세 조회",
    "sampleCount" : 56325,
    "errorCount" : 0,
    "errorPct" : 0.0,
    "meanResTime" : 77.74867288060369,
    "medianResTime" : 67.0,
    "minResTime" : 7.0,
    "maxResTime" : 2438.0,
    "pct1ResTime" : 127.0,
    "pct2ResTime" : 160.0,
    "pct3ResTime" : 258.0,
    "throughput" : 31.310261483069667,
    "receivedKBytesPerSec" : 27.151867379849477,
    "sentKBytesPerSec" : 3.883206258154148
  },
  "vuser-50 내가 받은 리뷰 목록 조회" : {
    "transaction" : "vuser-50 내가 받은 리뷰 목록 조회",
    "sampleCount" : 56328,
    "errorCount" : 0,
    "errorPct" : 0.0,
    "meanResTime" : 137.60211617668088,
    "medianResTime" : 125.0,
    "minResTime" : 13.0,
    "maxResTime" : 4412.0,
    "pct1ResTime" : 208.0,
    "pct2ResTime" : 248.0,
    "pct3ResTime" : 357.0,
    "throughput" : 31.302550195335296,
    "receivedKBytesPerSec" : 19.533524975409424,
    "sentKBytesPerSec" : 8.895548932463447
  }
}