{
  "vuser-30 로그인" : {
    "transaction" : "vuser-30 로그인",
    "sampleCount" : 28443,
    "errorCount" : 0,
    "errorPct" : 0.0,
    "meanResTime" : 161.01350068558185,
    "medianResTime" : 144.0,
    "minResTime" : 13.0,
    "maxResTime" : 1558.0,
    "pct1ResTime" : 321.0,
    "pct2ResTime" : 377.0,
    "pct3ResTime" : 516.0,
    "throughput" : 15.799331876511582,
    "receivedKBytesPerSec" : 11.361301737840408,
    "sentKBytesPerSec" : 2.437787535633623
  },
  "vuser-30 리뷰어 목록 조회" : {
    "transaction" : "vuser-30 리뷰어 목록 조회",
    "sampleCount" : 28431,
    "errorCount" : 0,
    "errorPct" : 0.0,
    "meanResTime" : 463.7566037072177,
    "medianResTime" : 437.0,
    "minResTime" : 31.0,
    "maxResTime" : 2439.0,
    "pct1ResTime" : 859.0,
    "pct2ResTime" : 958.0,
    "pct3ResTime" : 1159.0,
    "throughput" : 15.79614083239345,
    "receivedKBytesPerSec" : 71.69495281690483,
    "sentKBytesPerSec" : 2.5607025177512823
  },
  "vuser-30 리뷰 수정" : {
    "transaction" : "vuser-30 리뷰 수정",
    "sampleCount" : 28422,
    "errorCount" : 0,
    "errorPct" : 0.0,
    "meanResTime" : 236.97421011892274,
    "medianResTime" : 189.0,
    "minResTime" : 13.0,
    "maxResTime" : 2035.0,
    "pct1ResTime" : 533.0,
    "pct2ResTime" : 618.0,
    "pct3ResTime" : 797.0,
    "throughput" : 15.825122981283462,
    "receivedKBytesPerSec" : 2.951756337329239,
    "sentKBytesPerSec" : 7.495297505783669
  },
  "vuser-30 내가 받은 리뷰 목록 조회" : {
    "transaction" : "vuser-30 내가 받은 리뷰 목록 조회",
    "sampleCount" : 28426,
    "errorCount" : 0,
    "errorPct" : 0.0,
    "meanResTime" : 309.40973052838666,
    "medianResTime" : 252.0,
    "minResTime" : 11.0,
    "maxResTime" : 2967.0,
    "pct1ResTime" : 687.0,
    "pct2ResTime" : 810.0,
    "pct3ResTime" : 1043.0,
    "throughput" : 15.813737690891665,
    "receivedKBytesPerSec" : 9.868142953593528,
    "sentKBytesPerSec" : 4.493943035204564
  },
  "vuser-30 내가 리뷰한 리뷰 목록 조회" : {
    "transaction" : "vuser-30 내가 리뷰한 리뷰 목록 조회",
    "sampleCount" : 28426,
    "errorCount" : 0,
    "errorPct" : 0.0,
    "meanResTime" : 173.3290649405458,
    "medianResTime" : 115.0,
    "minResTime" : 8.0,
    "maxResTime" : 1763.0,
    "pct1ResTime" : 419.0,
    "pct2ResTime" : 504.0,
    "pct3ResTime" : 698.9900000000016,
    "throughput" : 15.825429247927458,
    "receivedKBytesPerSec" : 9.875438759204732,
    "sentKBytesPerSec" : 2.086360301240436
  },
  "vuser-30 리뷰 상세 조회" : {
    "transaction" : "vuser-30 리뷰 상세 조회",
    "sampleCount" : 28426,
    "errorCount" : 0,
    "errorPct" : 0.0,
    "meanResTime" : 171.06121156687558,
    "medianResTime" : 113.0,
    "minResTime" : 8.0,
    "maxResTime" : 2290.0,
    "pct1ResTime" : 411.0,
    "pct2ResTime" : 491.0,
    "pct3ResTime" : 686.0,
    "throughput" : 15.827685029847432,
    "receivedKBytesPerSec" : 13.725570611820817,
    "sentKBytesPerSec" : 1.9630039050689683
  },
  "Total" : {
    "transaction" : "Total",
    "sampleCount" : 227435,
    "errorCount" : 0,
    "errorPct" : 0.0,
    "meanResTime" : 236.82112691537935,
    "medianResTime" : 143.0,
    "minResTime" : 8.0,
    "maxResTime" : 4943.0,
    "pct1ResTime" : 540.0,
    "pct2ResTime" : 686.0,
    "pct3ResTime" : 959.9900000000016,
    "throughput" : 126.3337575287276,
    "receivedKBytesPerSec" : 141.25272504545845,
    "sentKBytesPerSec" : 24.935244341338056
  },
  "vuser-30 언어 및 기술 목록 조회" : {
    "transaction" : "vuser-30 언어 및 기술 목록 조회",
    "sampleCount" : 28434,
    "errorCount" : 0,
    "errorPct" : 0.0,
    "meanResTime" : 101.55950622494163,
    "medianResTime" : 78.0,
    "minResTime" : 9.0,
    "maxResTime" : 3633.0,
    "pct1ResTime" : 186.0,
    "pct2ResTime" : 241.0,
    "pct3ResTime" : 384.9800000000032,
    "throughput" : 15.79674565039492,
    "receivedKBytesPerSec" : 10.088937163435817,
    "sentKBytesPerSec" : 1.959166696875151
  },
  "vuser-30 리뷰어 단일 조회" : {
    "transaction" : "vuser-30 리뷰어 단일 조회",
    "sampleCount" : 28427,
    "errorCount" : 0,
    "errorPct" : 0.0,
    "meanResTime" : 277.5072642206384,
    "medianResTime" : 216.0,
    "minResTime" : 12.0,
    "maxResTime" : 4943.0,
    "pct1ResTime" : 564.0,
    "pct2ResTime" : 650.0,
    "pct3ResTime" : 840.0,
    "throughput" : 15.802636867334453,
    "receivedKBytesPerSec" : 11.790248600237815,
    "sentKBytesPerSec" : 1.9753296084168068
  }
}