{
  "vuser-10 리뷰 수정" : {
    "transaction" : "vuser-10 리뷰 수정",
    "sampleCount" : 49654,
    "errorCount" : 0,
    "errorPct" : 0.0,
    "meanResTime" : 36.17356104241362,
    "medianResTime" : 30.0,
    "minResTime" : 10.0,
    "maxResTime" : 1221.0,
    "pct1ResTime" : 53.0,
    "pct2ResTime" : 59.0,
    "pct3ResTime" : 163.0,
    "throughput" : 27.59335834410953,
    "receivedKBytesPerSec" : 5.115631157123042,
    "sentKBytesPerSec" : 13.069119918840938
  },
  "vuser-10 리뷰 상세 조회" : {
    "transaction" : "vuser-10 리뷰 상세 조회",
    "sampleCount" : 49655,
    "errorCount" : 0,
    "errorPct" : 0.0,
    "meanResTime" : 25.981411741013012,
    "medianResTime" : 20.0,
    "minResTime" : 6.0,
    "maxResTime" : 1779.0,
    "pct1ResTime" : 43.0,
    "pct2ResTime" : 47.0,
    "pct3ResTime" : 81.9800000000032,
    "throughput" : 27.592626036703113,
    "receivedKBytesPerSec" : 23.927980391203477,
    "sentKBytesPerSec" : 3.4221323307239206
  },
  "vuser-10 언어 및 기술 목록 조회" : {
    "transaction" : "vuser-10 언어 및 기술 목록 조회",
    "sampleCount" : 49664,
    "errorCount" : 0,
    "errorPct" : 0.0,
    "meanResTime" : 30.66730428479368,
    "medianResTime" : 25.0,
    "minResTime" : 8.0,
    "maxResTime" : 978.0,
    "pct1ResTime" : 48.0,
    "pct2ResTime" : 53.0,
    "pct3ResTime" : 148.9900000000016,
    "throughput" : 27.59291998030982,
    "receivedKBytesPerSec" : 17.622821940549436,
    "sentKBytesPerSec" : 3.422168786620456
  },
  "vuser-10 리뷰어 목록 조회" : {
    "transaction" : "vuser-10 리뷰어 목록 조회",
    "sampleCount" : 49663,
    "errorCount" : 0,
    "errorPct" : 0.0,
    "meanResTime" : 129.129492781347,
    "medianResTime" : 127.0,
    "minResTime" : 39.0,
    "maxResTime" : 1259.0,
    "pct1ResTime" : 173.0,
    "pct2ResTime" : 189.0,
    "pct3ResTime" : 260.9900000000016,
    "throughput" : 27.59231839811988,
    "receivedKBytesPerSec" : 136.07539835010292,
    "sentKBytesPerSec" : 3.772387280992952
  },
  "vuser-10 내가 리뷰한 리뷰 목록 조회" : {
    "transaction" : "vuser-10 내가 리뷰한 리뷰 목록 조회",
    "sampleCount" : 49655,
    "errorCount" : 0,
    "errorPct" : 0.0,
    "meanResTime" : 28.384815225052883,
    "medianResTime" : 25.0,
    "minResTime" : 7.0,
    "maxResTime" : 980.0,
    "pct1ResTime" : 43.0,
    "pct2ResTime" : 48.0,
    "pct3ResTime" : 152.9900000000016,
    "throughput" : 27.592917364060913,
    "receivedKBytesPerSec" : 17.21862714417473,
    "sentKBytesPerSec" : 3.6377381290509994
  },
  "vuser-10 내가 받은 리뷰 목록 조회" : {
    "transaction" : "vuser-10 내가 받은 리뷰 목록 조회",
    "sampleCount" : 49656,
    "errorCount" : 0,
    "errorPct" : 0.0,
    "meanResTime" : 40.03528274528792,
    "medianResTime" : 36.0,
    "minResTime" : 10.0,
    "maxResTime" : 1080.0,
    "pct1ResTime" : 57.0,
    "pct2ResTime" : 63.0,
    "pct3ResTime" : 170.0,
    "throughput" : 27.592430418798592,
    "receivedKBytesPerSec" : 17.218323278918263,
    "sentKBytesPerSec" : 7.841208253779678
  },
  "Total" : {
    "transaction" : "Total",
    "sampleCount" : 397267,
    "errorCount" : 0,
    "errorPct" : 0.0,
    "meanResTime" : 45.059984846464964,
    "medianResTime" : 33.0,
    "minResTime" : 6.0,
    "maxResTime" : 1930.0,
    "pct1ResTime" : 108.0,
    "pct2ResTime" : 145.0,
    "pct3ResTime" : 205.9900000000016,
    "throughput" : 220.70450195694988,
    "receivedKBytesPerSec" : 258.3287031483074,
    "sentKBytesPerSec" : 42.997647649715695
  },
  "vuser-10 로그인" : {
    "transaction" : "vuser-10 로그인",
    "sampleCount" : 49664,
    "errorCount" : 0,
    "errorPct" : 0.0,
    "meanResTime" : 32.37121456185578,
    "medianResTime" : 30.0,
    "minResTime" : 10.0,
    "maxResTime" : 1930.0,
    "pct1ResTime" : 47.0,
    "pct2ResTime" : 52.0,
    "pct3ResTime" : 136.0,
    "throughput" : 27.592506065584427,
    "receivedKBytesPerSec" : 20.62404233439718,
    "sentKBytesPerSec" : 4.392166492861583
  },
  "vuser-10 리뷰어 단일 조회" : {
    "transaction" : "vuser-10 리뷰어 단일 조회",
    "sampleCount" : 49656,
    "errorCount" : 0,
    "errorPct" : 0.0,
    "meanResTime" : 37.7282302239407,
    "medianResTime" : 34.0,
    "minResTime" : 10.0,
    "maxResTime" : 1929.0,
    "pct1ResTime" : 54.0,
    "pct2ResTime" : 60.0,
    "pct3ResTime" : 149.0,
    "throughput" : 27.59209311164529,
    "receivedKBytesPerSec" : 20.555035328823003,
    "sentKBytesPerSec" : 3.4490116389556613
  }
}