{
  "vuser-10 리뷰 수정" : {
    "transaction" : "vuser-10 리뷰 수정",
    "sampleCount" : 52077,
    "errorCount" : 0,
    "errorPct" : 0.0,
    "meanResTime" : 37.36134954010438,
    "medianResTime" : 31.0,
    "minResTime" : 10.0,
    "maxResTime" : 1065.0,
    "pct1ResTime" : 54.0,
    "pct2ResTime" : 60.0,
    "pct3ResTime" : 165.0,
    "throughput" : 29.0166532198751,
    "receivedKBytesPerSec" : 5.379511416562844,
    "sentKBytesPerSec" : 13.743239073866624
  },
  "vuser-10 리뷰 상세 조회" : {
    "transaction" : "vuser-10 리뷰 상세 조회",
    "sampleCount" : 52079,
    "errorCount" : 0,
    "errorPct" : 0.0,
    "meanResTime" : 26.22575318266483,
    "medianResTime" : 20.0,
    "minResTime" : 6.0,
    "maxResTime" : 700.0,
    "pct1ResTime" : 43.0,
    "pct2ResTime" : 47.0,
    "pct3ResTime" : 88.0,
    "throughput" : 29.01642568493284,
    "receivedKBytesPerSec" : 25.1626816486527,
    "sentKBytesPerSec" : 3.598716857408663
  },
  "vuser-10 언어 및 기술 목록 조회" : {
    "transaction" : "vuser-10 언어 및 기술 목록 조회",
    "sampleCount" : 52086,
    "errorCount" : 0,
    "errorPct" : 0.0,
    "meanResTime" : 20.620953807164966,
    "medianResTime" : 13.0,
    "minResTime" : 4.0,
    "maxResTime" : 1004.0,
    "pct1ResTime" : 36.0,
    "pct2ResTime" : 40.0,
    "pct3ResTime" : 58.0,
    "throughput" : 28.986378305460534,
    "receivedKBytesPerSec" : 18.5127845818078,
    "sentKBytesPerSec" : 3.5949902781186402
  },
  "vuser-10 리뷰어 목록 조회" : {
    "transaction" : "vuser-10 리뷰어 목록 조회",
    "sampleCount" : 52086,
    "errorCount" : 0,
    "errorPct" : 0.0,
    "meanResTime" : 117.61590446569207,
    "medianResTime" : 109.0,
    "minResTime" : 36.0,
    "maxResTime" : 6571.0,
    "pct1ResTime" : 155.0,
    "pct2ResTime" : 171.0,
    "pct3ResTime" : 229.9900000000016,
    "throughput" : 28.99110552036602,
    "receivedKBytesPerSec" : 142.97371374789884,
    "sentKBytesPerSec" : 3.963627707862542
  },
  "vuser-10 내가 리뷰한 리뷰 목록 조회" : {
    "transaction" : "vuser-10 내가 리뷰한 리뷰 목록 조회",
    "sampleCount" : 52079,
    "errorCount" : 0,
    "errorPct" : 0.0,
    "meanResTime" : 28.721480827204743,
    "medianResTime" : 25.0,
    "minResTime" : 7.0,
    "maxResTime" : 872.0,
    "pct1ResTime" : 43.0,
    "pct2ResTime" : 48.0,
    "pct3ResTime" : 153.0,
    "throughput" : 29.0163771844882,
    "receivedKBytesPerSec" : 18.106899434460896,
    "sentKBytesPerSec" : 3.8254012889706117
  },
  "vuser-10 내가 받은 리뷰 목록 조회" : {
    "transaction" : "vuser-10 내가 받은 리뷰 목록 조회",
    "sampleCount" : 52084,
    "errorCount" : 0,
    "errorPct" : 0.0,
    "meanResTime" : 40.74078411796346,
    "medianResTime" : 36.0,
    "minResTime" : 10.0,
    "maxResTime" : 1421.0,
    "pct1ResTime" : 56.0,
    "pct2ResTime" : 63.0,
    "pct3ResTime" : 162.9900000000016,
    "throughput" : 29.014070855075037,
    "receivedKBytesPerSec" : 18.10546023085249,
    "sentKBytesPerSec" : 8.245209588698083
  },
  "Total" : {
    "transaction" : "Total",
    "sampleCount" : 416662,
    "errorCount" : 0,
    "errorPct" : 0.0,
    "meanResTime" : 42.86650090480965,
    "medianResTime" : 31.0,
    "minResTime" : 4.0,
    "maxResTime" : 6571.0,
    "pct1ResTime" : 92.0,
    "pct2ResTime" : 124.0,
    "pct3ResTime" : 171.0,
    "throughput" : 231.48300414229587,
    "receivedKBytesPerSec" : 270.94060990771777,
    "sentKBytesPerSec" : 45.09758016357791
  },
  "vuser-10 로그인" : {
    "transaction" : "vuser-10 로그인",
    "sampleCount" : 52087,
    "errorCount" : 0,
    "errorPct" : 0.0,
    "meanResTime" : 33.571793345748766,
    "medianResTime" : 30.0,
    "minResTime" : 9.0,
    "maxResTime" : 2994.0,
    "pct1ResTime" : 47.0,
    "pct2ResTime" : 52.0,
    "pct3ResTime" : 153.0,
    "throughput" : 28.937897439829154,
    "receivedKBytesPerSec" : 21.62907835471022,
    "sentKBytesPerSec" : 4.606325471379054
  },
  "vuser-10 리뷰어 단일 조회" : {
    "transaction" : "vuser-10 리뷰어 단일 조회",
    "sampleCount" : 52084,
    "errorCount" : 0,
    "errorPct" : 0.0,
    "meanResTime" : 38.068811919207235,
    "medianResTime" : 33.0,
    "minResTime" : 10.0,
    "maxResTime" : 913.0,
    "pct1ResTime" : 53.0,
    "pct2ResTime" : 60.0,
    "pct3ResTime" : 156.0,
    "throughput" : 29.011727457758536,
    "receivedKBytesPerSec" : 21.612593589474365,
    "sentKBytesPerSec" : 3.6264659322198174
  }
}