{
  "vuser-10 리뷰 수정" : {
    "transaction" : "vuser-10 리뷰 수정",
    "sampleCount" : 37405,
    "errorCount" : 0,
    "errorPct" : 0.0,
    "meanResTime" : 57.98834380430439,
    "medianResTime" : 56.0,
    "minResTime" : 11.0,
    "maxResTime" : 865.0,
    "pct1ResTime" : 148.0,
    "pct2ResTime" : 173.95000000000073,
    "pct3ResTime" : 247.9900000000016,
    "throughput" : 20.83285760194622,
    "receivedKBytesPerSec" : 3.8858162128630154,
    "sentKBytesPerSec" : 9.867124938421794
  },
  "vuser-30 로그인" : {
    "transaction" : "vuser-30 로그인",
    "sampleCount" : 28443,
    "errorCount" : 0,
    "errorPct" : 0.0,
    "meanResTime" : 161.0135006855819,
    "medianResTime" : 144.0,
    "minResTime" : 13.0,
    "maxResTime" : 1558.0,
    "pct1ResTime" : 321.0,
    "pct2ResTime" : 377.0,
    "pct3ResTime" : 516.0,
    "throughput" : 15.799331876511582,
    "receivedKBytesPerSec" : 11.361301737840408,
    "sentKBytesPerSec" : 2.437787535633623
  },
  "vuser-30 리뷰어 목록 조회" : {
    "transaction" : "vuser-30 리뷰어 목록 조회",
    "sampleCount" : 28431,
    "errorCount" : 0,
    "errorPct" : 0.0,
    "meanResTime" : 463.7566037072178,
    "medianResTime" : 437.0,
    "minResTime" : 31.0,
    "maxResTime" : 2439.0,
    "pct1ResTime" : 859.0,
    "pct2ResTime" : 958.0,
    "pct3ResTime" : 1159.0,
    "throughput" : 15.79614083239345,
    "receivedKBytesPerSec" : 71.69495281690483,
    "sentKBytesPerSec" : 2.5607025177512823
  },
  "vuser-30 리뷰 수정" : {
    "transaction" : "vuser-30 리뷰 수정",
    "sampleCount" : 28422,
    "errorCount" : 0,
    "errorPct" : 0.0,
    "meanResTime" : 236.9742101189227,
    "medianResTime" : 189.0,
    "minResTime" : 13.0,
    "maxResTime" : 2035.0,
    "pct1ResTime" : 533.0,
    "pct2ResTime" : 618.0,
    "pct3ResTime" : 797.0,
    "throughput" : 15.825122981283462,
    "receivedKBytesPerSec" : 2.951756337329239,
    "sentKBytesPerSec" : 7.495297505783669
  },
  "vuser-30 언어 및 기술 목록 조회" : {
    "transaction" : "vuser-30 언어 및 기술 목록 조회",
    "sampleCount" : 28434,
    "errorCount" : 0,
    "errorPct" : 0.0,
    "meanResTime" : 101.55950622494169,
    "medianResTime" : 78.0,
    "minResTime" : 9.0,
    "maxResTime" : 3633.0,
    "pct1ResTime" : 186.0,
    "pct2ResTime" : 241.0,
    "pct3ResTime" : 384.9800000000032,
    "throughput" : 15.79674565039492,
    "receivedKBytesPerSec" : 10.088937163435817,
    "sentKBytesPerSec" : 1.959166696875151
  },
  "vuser-50 리뷰 수정" : {
    "transaction" : "vuser-50 리뷰 수정",
    "sampleCount" : 28876,
    "errorCount" : 0,
    "errorPct" : 0.0,
    "meanResTime" : 417.39815071339683,
    "medianResTime" : 230.0,
    "minResTime" : 12.0,
    "maxResTime" : 4583.0,
    "pct1ResTime" : 1080.0,
    "pct2ResTime" : 1195.0,
    "pct3ResTime" : 1832.9800000000032,
    "throughput" : 16.075516402861037,
    "receivedKBytesPerSec" : 2.9984605790492753,
    "sentKBytesPerSec" : 7.613892046276956
  },
  "vuser-30 내가 리뷰한 리뷰 목록 조회" : {
    "transaction" : "vuser-30 내가 리뷰한 리뷰 목록 조회",
    "sampleCount" : 28426,
    "errorCount" : 0,
    "errorPct" : 0.0,
    "meanResTime" : 173.32906494054583,
    "medianResTime" : 115.0,
    "minResTime" : 8.0,
    "maxResTime" : 1763.0,
    "pct1ResTime" : 419.0,
    "pct2ResTime" : 504.0,
    "pct3ResTime" : 698.9900000000016,
    "throughput" : 15.825429247927458,
    "receivedKBytesPerSec" : 9.875438759204732,
    "sentKBytesPerSec" : 2.086360301240436
  },
  "vuser-30 리뷰 상세 조회" : {
    "transaction" : "vuser-30 리뷰 상세 조회",
    "sampleCount" : 28426,
    "errorCount" : 0,
    "errorPct" : 0.0,
    "meanResTime" : 171.06121156687556,
    "medianResTime" : 113.0,
    "minResTime" : 8.0,
    "maxResTime" : 2290.0,
    "pct1ResTime" : 411.0,
    "pct2ResTime" : 491.0,
    "pct3ResTime" : 686.0,
    "throughput" : 15.827685029847432,
    "receivedKBytesPerSec" : 13.725570611820817,
    "sentKBytesPerSec" : 1.9630039050689683
  },
  "vuser-50 언어 및 기술 목록 조회" : {
    "transaction" : "vuser-50 언어 및 기술 목록 조회",
    "sampleCount" : 28917,
    "errorCount" : 0,
    "errorPct" : 0.0,
    "meanResTime" : 103.90030086108497,
    "medianResTime" : 79.0,
    "minResTime" : 9.0,
    "maxResTime" : 3845.0,
    "pct1ResTime" : 182.0,
    "pct2ResTime" : 236.95000000000073,
    "pct3ResTime" : 511.0,
    "throughput" : 16.06781186707674,
    "receivedKBytesPerSec" : 10.262059532293152,
    "sentKBytesPerSec" : 1.9927852608581502
  },
  "vuser-50 리뷰어 목록 조회" : {
    "transaction" : "vuser-50 리뷰어 목록 조회",
    "sampleCount" : 28916,
    "errorCount" : 0,
    "errorPct" : 0.0,
    "meanResTime" : 643.0454765527736,
    "medianResTime" : 455.0,
    "minResTime" : 31.0,
    "maxResTime" : 3691.0,
    "pct1ResTime" : 1337.0,
    "pct2ResTime" : 1486.0,
    "pct3ResTime" : 2116.970000000005,
    "throughput" : 16.06439982111161,
    "receivedKBytesPerSec" : 72.91112993436128,
    "sentKBytesPerSec" : 2.6041898147505145
  },
  "vuser-10 로그인" : {
    "transaction" : "vuser-10 로그인",
    "sampleCount" : 37413,
    "errorCount" : 0,
    "errorPct" : 0.0,
    "meanResTime" : 54.280089808355456,
    "medianResTime" : 51.0,
    "minResTime" : 10.0,
    "maxResTime" : 2568.0,
    "pct1ResTime" : 135.0,
    "pct2ResTime" : 159.0,
    "pct3ResTime" : 223.9900000000016,
    "throughput" : 20.784976905581214,
    "receivedKBytesPerSec" : 14.946886061619654,
    "sentKBytesPerSec" : 3.2070569834783518
  },
  "vuser-50 리뷰 상세 조회" : {
    "transaction" : "vuser-50 리뷰 상세 조회",
    "sampleCount" : 28885,
    "errorCount" : 0,
    "errorPct" : 0.0,
    "meanResTime" : 352.9484161329419,
    "medianResTime" : 160.0,
    "minResTime" : 9.0,
    "maxResTime" : 3490.0,
    "pct1ResTime" : 990.0,
    "pct2ResTime" : 1105.0,
    "pct3ResTime" : 1775.9900000000016,
    "throughput" : 16.075425663469574,
    "receivedKBytesPerSec" : 13.940408192540023,
    "sentKBytesPerSec" : 1.993729550059215
  },
  "vuser-30 리뷰어 단일 조회" : {
    "transaction" : "vuser-30 리뷰어 단일 조회",
    "sampleCount" : 28427,
    "errorCount" : 0,
    "errorPct" : 0.0,
    "meanResTime" : 277.5072642206384,
    "medianResTime" : 216.0,
    "minResTime" : 12.0,
    "maxResTime" : 4943.0,
    "pct1ResTime" : 564.0,
    "pct2ResTime" : 650.0,
    "pct3ResTime" : 840.0,
    "throughput" : 15.802636867334453,
    "receivedKBytesPerSec" : 11.790248600237815,
    "sentKBytesPerSec" : 1.9753296084168068
  },
  "vuser-50 내가 받은 리뷰 목록 조회" : {
    "transaction" : "vuser-50 내가 받은 리뷰 목록 조회",
    "sampleCount" : 28902,
    "errorCount" : 0,
    "errorPct" : 0.0,
    "meanResTime" : 620.0987474915249,
    "medianResTime" : 355.0,
    "minResTime" : 11.0,
    "maxResTime" : 5194.0,
    "pct1ResTime" : 1383.0,
    "pct2ResTime" : 1823.9500000000007,
    "pct3ResTime" : 2418.950000000008,
    "throughput" : 16.073007557683646,
    "receivedKBytesPerSec" : 10.029933427109228,
    "sentKBytesPerSec" : 4.567622264927676
  },
  "vuser-10 언어 및 기술 목록 조회" : {
    "transaction" : "vuser-10 언어 및 기술 목록 조회",
    "sampleCount" : 37412,
    "errorCount" : 0,
    "errorPct" : 0.0,
    "meanResTime" : 42.86127445739332,
    "medianResTime" : 42.0,
    "minResTime" : 8.0,
    "maxResTime" : 1221.0,
    "pct1ResTime" : 87.0,
    "pct2ResTime" : 107.0,
    "pct3ResTime" : 183.0,
    "throughput" : 20.814046644116075,
    "receivedKBytesPerSec" : 13.293346196535072,
    "sentKBytesPerSec" : 2.581429613088615
  },
  "vuser-10 리뷰어 목록 조회" : {
    "transaction" : "vuser-10 리뷰어 목록 조회",
    "sampleCount" : 37410,
    "errorCount" : 0,
    "errorPct" : 0.0,
    "meanResTime" : 119.79529537556739,
    "medianResTime" : 109.0,
    "minResTime" : 28.0,
    "maxResTime" : 1576.0,
    "pct1ResTime" : 313.0,
    "pct2ResTime" : 349.0,
    "pct3ResTime" : 423.0,
    "throughput" : 20.819767927205945,
    "receivedKBytesPerSec" : 94.49540058818211,
    "sentKBytesPerSec" : 3.375079566324401
  },
  "vuser-10 내가 받은 리뷰 목록 조회" : {
    "transaction" : "vuser-10 내가 받은 리뷰 목록 조회",
    "sampleCount" : 37409,
    "errorCount" : 0,
    "errorPct" : 0.0,
    "meanResTime" : 61.20810500146986,
    "medianResTime" : 59.0,