{
  "vuser-50 로그인" : {
    "transaction" : "vuser-50 로그인",
    "sampleCount" : 61341,
    "errorCount" : 0,
    "errorPct" : 0.0,
    "meanResTime" : 87.08413622210222,
    "medianResTime" : 79.0,
    "minResTime" : 11.0,
    "maxResTime" : 2805.0,
    "pct1ResTime" : 136.0,
    "pct2ResTime" : 164.0,
    "pct3ResTime" : 325.950000000008,
    "throughput" : 34.07687560032154,
    "receivedKBytesPerSec" : 25.469099833125195,
    "sentKBytesPerSec" : 5.424346409035558
  },
  "vuser-50 언어 및 기술 목록 조회" : {
    "transaction" : "vuser-50 언어 및 기술 목록 조회",
    "sampleCount" : 61338,
    "errorCount" : 0,
    "errorPct" : 0.0,
    "meanResTime" : 59.33445824774186,
    "medianResTime" : 51.0,
    "minResTime" : 5.0,
    "maxResTime" : 3403.0,
    "pct1ResTime" : 103.0,
    "pct2ResTime" : 128.0,
    "pct3ResTime" : 208.0,
    "throughput" : 34.07939301810812,
    "receivedKBytesPerSec" : 21.76554983773702,
    "sentKBytesPerSec" : 4.226643470019268
  },
  "Total" : {
    "transaction" : "Total",
    "sampleCount" : 490547,
    "errorCount" : 0,
    "errorPct" : 0.0,
    "meanResTime" : 183.261385759164,
    "medianResTime" : 101.0,
    "minResTime" : 5.0,
    "maxResTime" : 5473.0,
    "pct1ResTime" : 574.0,
    "pct2ResTime" : 776.0,
    "pct3ResTime" : 1021.0,
    "throughput" : 272.497196130855,
    "receivedKBytesPerSec" : 318.98607987551736,
    "sentKBytesPerSec" : 53.08465901152989
  },
  "vuser-50 리뷰어 목록 조회" : {
    "transaction" : "vuser-50 리뷰어 목록 조회",
    "sampleCount" : 61338,
    "errorCount" : 0,
    "errorPct" : 0.0,
    "meanResTime" : 729.5363722325502,
    "medianResTime" : 714.0,
    "minResTime" : 39.0,
    "maxResTime" : 4587.0,
    "pct1ResTime" : 975.0,
    "pct2ResTime" : 1059.0,
    "pct3ResTime" : 1246.0,
    "throughput" : 34.07547402507579,
    "receivedKBytesPerSec" : 168.04799201819603,
    "sentKBytesPerSec" : 4.65875621436583
  },
  "vuser-50 내가 리뷰한 리뷰 목록 조회" : {
    "transaction" : "vuser-50 내가 리뷰한 리뷰 목록 조회",
    "sampleCount" : 61304,
    "errorCount" : 0,
    "errorPct" : 0.0,
    "meanResTime" : 77.2058430118749,
    "medianResTime" : 67.0,
    "minResTime" : 8.0,
    "maxResTime" : 2826.0,
    "pct1ResTime" : 124.0,
    "pct2ResTime" : 159.0,
    "pct3ResTime" : 311.9600000000064,
    "throughput" : 34.07591373631077,
    "receivedKBytesPerSec" : 21.264168825686117,
    "sentKBytesPerSec" : 4.492430033595658
  },
  "vuser-50 리뷰 수정" : {
    "transaction" : "vuser-50 리뷰 수정",
    "sampleCount" : 61296,
    "errorCount" : 0,
    "errorPct" : 0.0,
    "meanResTime" : 139.73827003393205,
    "medianResTime" : 129.0,
    "minResTime" : 13.0,
    "maxResTime" : 5030.0,
    "pct1ResTime" : 207.0,
    "pct2ResTime" : 243.0,
    "pct3ResTime" : 428.9200000000128,
    "throughput" : 34.07169419075835,
    "receivedKBytesPerSec" : 6.316979453858468,
    "sentKBytesPerSec" : 16.137472346208792
  },
  "vuser-50 리뷰어 단일 조회" : {
    "transaction" : "vuser-50 리뷰어 단일 조회",
    "sampleCount" : 61319,
    "errorCount" : 0,
    "errorPct" : 0.0,
    "meanResTime" : 167.32962050913991,
    "medianResTime" : 155.0,
    "minResTime" : 12.0,
    "maxResTime" : 5473.0,
    "pct1ResTime" : 256.0,
    "pct2ResTime" : 297.0,
    "pct3ResTime" : 513.9900000000016,
    "throughput" : 34.07353156909728,
    "receivedKBytesPerSec" : 25.383461981720465,
    "sentKBytesPerSec" : 4.259191446137159
  },
  "vuser-50 리뷰 상세 조회" : {
    "transaction" : "vuser-50 리뷰 상세 조회",
    "sampleCount" : 61299,
    "errorCount" : 0,
    "errorPct" : 0.0,
    "meanResTime" : 75.15532064144584,
    "medianResTime" : 65.0,
    "minResTime" : 7.0,
    "maxResTime" : 4645.0,
    "pct1ResTime" : 121.0,
    "pct2ResTime" : 155.0,
    "pct3ResTime" : 285.9900000000016,
    "throughput" : 34.07341857570787,
    "receivedKBytesPerSec" : 29.548042671121667,
    "sentKBytesPerSec" : 4.2259024991356435
  },
  "vuser-50 내가 받은 리뷰 목록 조회" : {
    "transaction" : "vuser-50 내가 받은 리뷰 목록 조회",
    "sampleCount" : 61312,
    "errorCount" : 0,
    "errorPct" : 0.0,
    "meanResTime" : 130.527156184761,
    "medianResTime" : 120.0,
    "minResTime" : 12.0,
    "maxResTime" : 3861.0,
    "pct1ResTime" : 197.0,
    "pct2ResTime" : 233.0,
    "pct3ResTime" : 359.0,
    "throughput" : 34.076004072758316,
    "receivedKBytesPerSec" : 21.264225197746644,
    "sentKBytesPerSec" : 9.683708188645186
  }
}