{
  "vuser-50 로그인" : {
    "transaction" : "vuser-50 로그인",
    "sampleCount" : 28921,
    "errorCount" : 0,
    "errorPct" : 0.0,
    "meanResTime" : 157.6267072369551,
    "medianResTime" : 141.0,
    "minResTime" : 13.0,
    "maxResTime" : 2677.0,
    "pct1ResTime" : 289.0,
    "pct2ResTime" : 349.0,
    "pct3ResTime" : 534.9900000000016,
    "throughput" : 16.06591909767319,
    "receivedKBytesPerSec" : 11.553542588524765,
    "sentKBytesPerSec" : 2.478921110773793
  },
  "vuser-50 언어 및 기술 목록 조회" : {
    "transaction" : "vuser-50 언어 및 기술 목록 조회",
    "sampleCount" : 28917,
    "errorCount" : 0,
    "errorPct" : 0.0,
    "meanResTime" : 103.90030086108497,
    "medianResTime" : 79.0,
    "minResTime" : 9.0,
    "maxResTime" : 3845.0,
    "pct1ResTime" : 182.0,
    "pct2ResTime" : 236.95000000000073,
    "pct3ResTime" : 511.0,
    "throughput" : 16.06781186707674,
    "receivedKBytesPerSec" : 10.262059532293152,
    "sentKBytesPerSec" : 1.9927852608581502
  },
  "Total" : {
    "transaction" : "Total",
    "sampleCount" : 231218,
    "errorCount" : 0,
    "errorPct" : 0.0,
    "meanResTime" : 389.0342879879614,
    "medianResTime" : 193.0,
    "minResTime" : 8.0,
    "maxResTime" : 5194.0,
    "pct1ResTime" : 1059.9000000000015,
    "pct2ResTime" : 1241.0,
    "pct3ResTime" : 1872.0,
    "throughput" : 128.4246927239634,
    "receivedKBytesPerSec" : 143.61969088706255,
    "sentKBytesPerSec" : 25.344899915894487
  },
  "vuser-50 리뷰어 목록 조회" : {
    "transaction" : "vuser-50 리뷰어 목록 조회",
    "sampleCount" : 28916,
    "errorCount" : 0,
    "errorPct" : 0.0,
    "meanResTime" : 643.0454765527734,
    "medianResTime" : 455.0,
    "minResTime" : 31.0,
    "maxResTime" : 3691.0,
    "pct1ResTime" : 1337.0,
    "pct2ResTime" : 1486.0,
    "pct3ResTime" : 2116.970000000005,
    "throughput" : 16.06439982111161,
    "receivedKBytesPerSec" : 72.91112993436128,
    "sentKBytesPerSec" : 2.6041898147505145
  },
  "vuser-50 내가 리뷰한 리뷰 목록 조회" : {
    "transaction" : "vuser-50 내가 리뷰한 리뷰 목록 조회",
    "sampleCount" : 28892,
    "errorCount" : 0,
    "errorPct" : 0.0,
    "meanResTime" : 354.8020213207815,
    "medianResTime" : 165.0,
    "minResTime" : 8.0,
    "maxResTime" : 3406.0,
    "pct1ResTime" : 993.0,
    "pct2ResTime" : 1113.0,
    "pct3ResTime" : 1806.9800000000032,
    "throughput" : 16.078999242018654,
    "receivedKBytesPerSec" : 10.033672378564377,
    "sentKBytesPerSec" : 2.119789939133319
  },
  "vuser-50 리뷰 수정" : {
    "transaction" : "vuser-50 리뷰 수정",
    "sampleCount" : 28876,
    "errorCount" : 0,
    "errorPct" : 0.0,
    "meanResTime" : 417.3981507133968,
    "medianResTime" : 230.0,
    "minResTime" : 12.0,
    "maxResTime" : 4583.0,
    "pct1ResTime" : 1080.0,
    "pct2ResTime" : 1195.0,
    "pct3ResTime" : 1832.9800000000032,
    "throughput" : 16.075516402861037,
    "receivedKBytesPerSec" : 2.9984605790492753,
    "sentKBytesPerSec" : 7.613892046276956
  },
  "vuser-50 리뷰어 단일 조회" : {
    "transaction" : "vuser-50 리뷰어 단일 조회",
    "sampleCount" : 28909,
    "errorCount" : 0,
    "errorPct" : 0.0,
    "meanResTime" : 462.60617800684815,
    "medianResTime" : 280.0,
    "minResTime" : 11.0,
    "maxResTime" : 4001.0,
    "pct1ResTime" : 1086.0,
    "pct2ResTime" : 1207.9500000000007,
    "pct3ResTime" : 1892.9800000000032,
    "throughput" : 16.06667874534406,
    "receivedKBytesPerSec" : 11.987248595159043,
    "sentKBytesPerSec" : 2.0083348431680075
  },
  "vuser-50 리뷰 상세 조회" : {
    "transaction" : "vuser-50 리뷰 상세 조회",
    "sampleCount" : 28885,
    "errorCount" : 0,
    "errorPct" : 0.0,
    "meanResTime" : 352.94841613294176,
    "medianResTime" : 160.0,
    "minResTime" : 9.0,
    "maxResTime" : 3490.0,
    "pct1ResTime" : 990.0,
    "pct2ResTime" : 1105.0,
    "pct3ResTime" : 1775.9900000000016,
    "throughput" : 16.075425663469574,
    "receivedKBytesPerSec" : 13.940408192540023,
    "sentKBytesPerSec" : 1.993729550059215
  },
  "vuser-50 내가 받은 리뷰 목록 조회" : {
    "transaction" : "vuser-50 내가 받은 리뷰 목록 조회",
    "sampleCount" : 28902,
    "errorCount" : 0,
    "errorPct" : 0.0,
    "meanResTime" : 620.0987474915249,
    "medianResTime" : 355.0,
    "minResTime" : 11.0,
    "maxResTime" : 5194.0,
    "pct1ResTime" : 1383.0,
    "pct2ResTime" : 1823.9500000000007,
    "pct3ResTime" : 2418.950000000008,
    "throughput" : 16.073007557683646,
    "receivedKBytesPerSec" : 10.029933427109228,
    "sentKBytesPerSec" : 4.567622264927676
  }
}