{
  "vuser-10 리뷰 수정" : {
    "transaction" : "vuser-10 리뷰 수정",
    "sampleCount" : 52077,
    "errorCount" : 0,
    "errorPct" : 0.0,
    "meanResTime" : 37.36134954010437,
    "medianResTime" : 31.0,
    "minResTime" : 10.0,
    "maxResTime" : 1065.0,
    "pct1ResTime" : 54.0,
    "pct2ResTime" : 60.0,
    "pct3ResTime" : 165.0,
    "throughput" : 29.0166532198751,
    "receivedKBytesPerSec" : 5.379511416562844,
    "sentKBytesPerSec" : 13.743239073866624
  },
  "vuser-30 로그인" : {
    "transaction" : "vuser-30 로그인",
    "sampleCount" : 60158,
    "errorCount" : 0,
    "errorPct" : 0.0,
    "meanResTime" : 59.91846470959769,
    "medianResTime" : 52.0,
    "minResTime" : 11.0,
    "maxResTime" : 2201.0,
    "pct1ResTime" : 87.0,
    "pct2ResTime" : 106.0,
    "pct3ResTime" : 215.0,
    "throughput" : 33.42135248754574,
    "receivedKBytesPerSec" : 24.980362705397315,
    "sentKBytesPerSec" : 5.3200004447948785
  },
  "vuser-30 리뷰어 목록 조회" : {
    "transaction" : "vuser-30 리뷰어 목록 조회",
    "sampleCount" : 60157,
    "errorCount" : 0,
    "errorPct" : 0.0,
    "meanResTime" : 419.45647223099087,
    "medianResTime" : 409.0,
    "minResTime" : 53.0,
    "maxResTime" : 7254.0,
    "pct1ResTime" : 553.9000000000015,
    "pct2ResTime" : 596.0,
    "pct3ResTime" : 717.0,
    "throughput" : 33.419441574169745,
    "receivedKBytesPerSec" : 164.8126757319895,
    "sentKBytesPerSec" : 4.56906427771852
  },
  "vuser-30 리뷰 수정" : {
    "transaction" : "vuser-30 리뷰 수정",
    "sampleCount" : 60130,
    "errorCount" : 0,
    "errorPct" : 0.0,
    "meanResTime" : 87.33234658240579,
    "medianResTime" : 79.0,
    "minResTime" : 11.0,
    "maxResTime" : 2195.0,
    "pct1ResTime" : 125.0,
    "pct2ResTime" : 148.0,
    "pct3ResTime" : 293.9100000000144,
    "throughput" : 33.42066912481533,
    "receivedKBytesPerSec" : 6.196086513220424,
    "sentKBytesPerSec" : 15.8291255132182
  },
  "vuser-30 언어 및 기술 목록 조회" : {
    "transaction" : "vuser-30 언어 및 기술 목록 조회",
    "sampleCount" : 60158,
    "errorCount" : 0,
    "errorPct" : 0.0,
    "meanResTime" : 42.61110741713523,
    "medianResTime" : 38.0,
    "minResTime" : 4.0,
    "maxResTime" : 1758.0,
    "pct1ResTime" : 67.0,
    "pct2ResTime" : 80.0,
    "pct3ResTime" : 179.0,
    "throughput" : 33.4217609786857,
    "receivedKBytesPerSec" : 21.34553875005903,
    "sentKBytesPerSec" : 4.1450816838799645
  },
  "vuser-50 리뷰 수정" : {
    "transaction" : "vuser-50 리뷰 수정",
    "sampleCount" : 61296,
    "errorCount" : 0,
    "errorPct" : 0.0,
    "meanResTime" : 139.73827003393203,
    "medianResTime" : 129.0,
    "minResTime" : 13.0,
    "maxResTime" : 5030.0,
    "pct1ResTime" : 207.0,
    "pct2ResTime" : 243.0,
    "pct3ResTime" : 428.9200000000128,
    "throughput" : 34.07169419075835,
    "receivedKBytesPerSec" : 6.316979453858468,
    "sentKBytesPerSec" : 16.137472346208792
  },
  "vuser-30 내가 리뷰한 리뷰 목록 조회" : {
    "transaction" : "vuser-30 내가 리뷰한 리뷰 목록 조회",
    "sampleCount" : 60134,
    "errorCount" : 0,
    "errorPct" : 0.0,
    "meanResTime" : 51.24585093291608,
    "medianResTime" : 44.0,
    "minResTime" : 7.0,
    "maxResTime" : 3718.0,
    "pct1ResTime" : 75.0,
    "pct2ResTime" : 89.0,
    "pct3ResTime" : 199.0,
    "throughput" : 33.42283662250047,
    "receivedKBytesPerSec" : 20.85663340017363,
    "sentKBytesPerSec" : 4.406331000036683
  },
  "vuser-30 리뷰 상세 조회" : {
    "transaction" : "vuser-30 리뷰 상세 조회",
    "sampleCount" : 60134,
    "errorCount" : 0,
    "errorPct" : 0.0,
    "meanResTime" : 52.1545548275518,
    "medianResTime" : 46.0,
    "minResTime" : 7.0,
    "maxResTime" : 2145.0,
    "pct1ResTime" : 75.0,
    "pct2ResTime" : 90.0,
    "pct3ResTime" : 198.0,
    "throughput" : 33.42227933342189,
    "receivedKBytesPerSec" : 28.983382859451794,
    "sentKBytesPerSec" : 4.145145972016191
  },
  "vuser-50 언어 및 기술 목록 조회" : {
    "transaction" : "vuser-50 언어 및 기술 목록 조회",
    "sampleCount" : 61338,
    "errorCount" : 0,
    "errorPct" : 0.0,
    "meanResTime" : 59.33445824774186,
    "medianResTime" : 51.0,
    "minResTime" : 5.0,
    "maxResTime" : 3403.0,
    "pct1ResTime" : 103.0,
    "pct2ResTime" : 128.0,
    "pct3ResTime" : 208.0,
    "throughput" : 34.07939301810812,
    "receivedKBytesPerSec" : 21.76554983773702,
    "sentKBytesPerSec" : 4.226643470019268
  },
  "vuser-50 리뷰어 목록 조회" : {
    "transaction" : "vuser-50 리뷰어 목록 조회",
    "sampleCount" : 61338,
    "errorCount" : 0,
    "errorPct" : 0.0,
    "meanResTime" : 729.5363722325501,
    "medianResTime" : 714.0,
    "minResTime" : 39.0,
    "maxResTime" : 4587.0,
    "pct1ResTime" : 975.0,
    "pct2ResTime" : 1059.0,
    "pct3ResTime" : 1246.0,
    "throughput" : 34.07547402507579,
    "receivedKBytesPerSec" : 168.04799201819603,
    "sentKBytesPerSec" : 4.65875621436583
  },
  "vuser-10 로그인" : {
    "transaction" : "vuser-10 로그인",
    "sampleCount" : 52087,
    "errorCount" : 0,
    "errorPct" : 0.0,
    "meanResTime" : 33.571793345748766,
    "medianResTime" : 30.0,
    "minResTime" : 9.0,
    "maxResTime" : 2994.0,
    "pct1ResTime" : 47.0,
    "pct2ResTime" : 52.0,
    "pct3ResTime" : 153.0,
    "throughput" : 28.937897439829154,
    "receivedKBytesPerSec" : 21.62907835471022,
    "sentKBytesPerSec" : 4.606325471379054
  },
  "vuser-50 리뷰 상세 조회" : {
    "transaction" : "vuser-50 리뷰 상세 조회",
    "sampleCount" : 61299,
    "errorCount" : 0,
    "errorPct" : 0.0,
    "meanResTime" : 75.15532064144588,
    "medianResTime" : 65.0,
    "minResTime" : 7.0,
    "maxResTime" : 4645.0,
    "pct1ResTime" : 121.0,
    "pct2ResTime" : 155.0,
    "pct3ResTime" : 285.9900000000016,
    "throughput" : 34.07341857570787,
    "receivedKBytesPerSec" : 29.548042671121667,
    "sentKBytesPerSec" : 4.2259024991356435
  },
  "vuser-30 리뷰어 단일 조회" : {
    "transaction" : "vuser-30 리뷰어 단일 조회",
    "sampleCount" : 60143,
    "errorCount" : 0,
    "errorPct" : 0.0,
    "meanResTime" : 100.87967011954699,
    "medianResTime" : 91.0,
    "minResTime" : 11.0,
    "maxResTime" : 5442.0,
    "pct1ResTime" : 149.0,
    "pct2ResTime" : 174.0,
    "pct3ResTime" : 281.0,
    "throughput" : 33.41962880168212,
    "receivedKBytesPerSec" : 24.896329333450858,
    "sentKBytesPerSec" : 4.177453600210265
  },
  "vuser-50 내가 받은 리뷰 목록 조회" : {
    "transaction" : "vuser-50 내가 받은 리뷰 목록 조회",
    "sampleCount" : 61312,
    "errorCount" : 0,
    "errorPct" : 0.0,
    "meanResTime" : 130.527156184761,
    "medianResTime" : 120.0,
    "minResTime" : 12.0,
    "maxResTime" : 3861.0,
    "pct1ResTime" : 197.0,
    "pct2ResTime" : 233.0,
    "pct3ResTime" : 359.0,
    "throughput" : 34.076004072758316,
    "receivedKBytesPerSec" : 21.264225197746644,
    "sentKBytesPerSec" : 9.683708188645186
  },
  "vuser-10 언어 및 기술 목록 조회" : {
    "transaction" : "vuser-10 언어 및 기술 목록 조회",
    "sampleCount" : 52086,
    "errorCount" : 0,
    "errorPct" : 0.0,
    "meanResTime" : 20.620953807164963,
    "medianResTime" : 13.0,
    "minResTime" : 4.0,
    "maxResTime" : 1004.0,
    "pct1ResTime" : 36.0,
    "pct2ResTime" : 40.0,
    "pct3ResTime" : 58.0,
    "throughput" : 28.986378305460534,
    "receivedKBytesPerSec" : 18.5127845818078,
    "sentKBytesPerSec" : 3.5949902781186402
  },
  "vuser-10 리뷰어 목록 조회" : {
    "transaction" : "vuser-10 리뷰어 목록 조회",
    "sampleCount" : 52086,
    "errorCount" : 0,
    "errorPct" : 0.0,
    "meanResTime" : 117.61590446569207,
    "medianResTime" : 109.0,
    "minResTime" : 36.0,
    "maxResTime" : 6571.0,
    "pct1ResTime" : 155.0,
    "pct2ResTime" : 171.0,
    "pct3ResTime" : 229.9900000000016,
    "throughput" : 28.99110552036602,
    "receivedKBytesPerSec" : 142.97371374789884,
    "sentKBytesPerSec" : 3.963627707862542
  },
  "vuser-10 내가 받은 리뷰 목록 조회" : {
    "transaction" : "vuser-10 내가 받은 리뷰 목록 조회",
    "sampleCount" : 52084,
    "errorCount" : 0,
    "errorPct" : 0.0,
    "meanResTime" : 40.74078411796346,
    "medianResTime" : 36.0,
    "minResTime" : 10.0,
    "maxResTime" : 1421.0,
    "pct1ResTime" : 56.0,
    "pct2ResTime" : 63.0,
    "pct3ResTime" : 162.9900000000016,